Actual,Predicted
6500.0,6386.083
6800.0,6926.546
7000.0,6825.6494
5500.0,5766.311
6500.0,6431.935
8000.0,7658.415
8000.0,7950.754
8500.0,8395.988
8500.0,8760.663
8500.0,8567.074
6500.0,6375.404
7500.0,7771.801
7500.0,7575.7153
7750.0,7918.595
5200.0,5298.8813
5600.0,5433.157
5200.0,5136.8735
5600.0,5510.7334
5500.0,5450.3174
4800.0,4754.532
4500.0,4517.2573
5000.0,5056.944
5400.0,5444.4985
4800.0,4871.04
5000.0,5150.023
5600.0,5682.389
5600.0,5490.801
6000.0,5965.613
7500.0,6813.2637
8780.0,9126.337
10300.0,10323.748
13000.0,12215.08
12860.0,11711.109
10800.0,10122.435
10800.0,9686.184
9800.0,9095.202
3400.0,3433.728
4000.0,3676.2253
4160.0,4156.8345
4340.0,4355.973
4300.0,4225.633
4300.0,4376.2324
4300.0,4376.678
4480.0,4578.5903
7480.0,6737.566
7740.0,8512.002
7620.0,7559.779
7100.0,7053.4834
8540.0,8342.852
9300.0,9863.33
9300.0,9313.958
9500.0,9074.145
7500.0,6842.568
7000.0,7374.387
7500.0,8051.583
7500.0,7540.172
7200.0,7296.1904
7500.0,7444.3584
7000.0,7209.663
7500.0,7566.715
7800.0,7855.0586
7500.0,7445.647
8000.0,8102.061
7800.0,7715.068
7500.0,7660.02
8000.0,8459.347
7850.0,7748.514
3200.0,3096.2136
3500.0,3495.6218
3400.0,3383.3389
3400.0,3470.5142
3500.0,3530.5972
3600.0,3597.2168
3800.0,3840.339
4000.0,4021.3745
4500.0,4510.3384
4200.0,4218.747
4500.0,4555.099
4200.0,4202.361
4000.0,4097.2397
4400.0,4513.593
4500.0,4442.242
8120.0,5498.5054
13440.0,10305.925
4020.0,4087.4172
4260.0,4290.325
5940.0,5282.8203
6280.0,6393.814
7700.0,8508.555
13200.0,9606.545
11400.0,10528.41
10600.0,10897.696
11200.0,10007.261
3540.0,3591.273
4620.0,4598.361
4750.0,4892.4956
4700.0,4552.9087
4540.0,4561.7485
6600.0,6760.864
7560.0,7479.5967
7940.0,7825.0024
8600.0,8895.786
8080.0,8580.367
10000.0,6300.9297
10000.0,7085.396
4500.0,7165.266
4500.0,5609.7236
8200.0,7978.9443
8200.0,7696.6216
7860.0,7684.672
7560.0,7208.9272
10880.0,10173.917
10800.0,10739.175
7000.0,6196.362
11800.0,9384.202
4300.0,4470.128
5220.0,5235.8535
4820.0,4591.851
4700.0,4667.6704
4600.0,4613.4165
6000.0,6191.493
7600.0,7615.6055
7380.0,7686.517
9000.0,9520.78
9440.0,9045.022
6300.0,6705.938
7620.0,7804.892
7144.0,6642.975
3400.0,3384.0593
3700.0,3686.7927
3800.0,3772.5286
3950.0,3936.3599
4100.0,4047.625
4400.0,4482.008
4050.0,3912.7112
3700.0,3623.477
3900.0,3861.012
3500.0,3463.8367
3750.0,3748.555
4200.0,4101.5127
4250.0,4247.5063
7000.0,6706.9697
7300.0,7163.6865
6700.0,7231.721
6900.0,6903.06
7000.0,6818.9897
7300.0,7181.533
7150.0,7478.1465
7000.0,6941.8477
6500.0,6510.9097
6500.0,6634.08
6800.0,6972.168
7100.0,6986.966
7250.0,7346.782
7200.0,6569.7563
3500.0,3901.3384
6460.0,6811.3564
4000.0,4033.168
4100.0,4056.6482
4000.0,3997.2026
4100.0,4044.2131
4350.0,4387.6777
4500.0,4481.584
4500.0,4516.8667
4500.0,4483.706
4500.0,4502.8584
4600.0,4585.8027
4500.0,4545.823
4800.0,4814.1157
5000.0,5111.1787
8000.0,7900.4087
8000.0,7604.022
8500.0,8078.553
8500.0,8723.08
8600.0,8658.13
8500.0,8491.457
8750.0,8919.337
9000.0,8732.6045
9000.0,8630.116
8500.0,8500.963
8850.0,9232.985
9500.0,9215.748
9700.0,10225.798
3200.0,3140.0696
3250.0,3259.065
4000.0,4032.2751
4000.0,3986.8557
4500.0,4550.1733
4200.0,4173.0146
4100.0,4093.248
4000.0,4000.828
4500.0,4602.0894
5000.0,5134.231
5500.0,5653.8237
3500.0,3508.0159
3800.0,3785.822
3850.0,3894.7227
4000.0,3967.419
4080.0,4061.225
4200.0,4143.138
4350.0,4377.5205
4500.0,4501.701
4600.0,4602.7173
4600.0,4724.934
4750.0,4865.34
4900.0,4914.0146
5000.0,4958.3574
8200.0,8268.828
8150.0,8106.747
9540.0,10426.083
9400.0,9336.558
9380.0,8537.764
9000.0,8678.853
9500.0,9077.727
10000.0,10214.913
10200.0,10107.211
10000.0,10039.189
9900.0,9943.439
10100.0,10175.653
10000.0,9922.132
5500.0,5550.548
6000.0,5909.1685
6300.0,6223.617
5500.0,5324.9897
6000.0,6016.138
6200.0,6132.6284
6500.0,6525.077
8000.0,7426.0015
7500.0,6995.003
7000.0,6772.337
6000.0,5858.527
7200.0,7012.1216
7000.0,6767.484
8000.0,8030.3706
5500.0,5443.092
5800.0,5834.4004
5800.0,5742.7354
5600.0,5466.9473
5600.0,5476.96
5500.0,5391.336
5500.0,5440.0923
5800.0,5831.578
5800.0,5714.6436
5600.0,5391.2437
5500.0,5396.2744
5800.0,5778.7046
5800.0,5691.5654
5400.0,5416.1685
5500.0,5484.233
5500.0,5513.909
5500.0,5484.365
7000.0,7456.114
7000.0,6915.124
7000.0,6908.266
8000.0,7736.3164
9000.0,8553.437
14000.0,11620.764
15000.0,12218.429
6500.0,6502.376
4000.0,3578.1667
3800.0,3919.2327
5500.0,5512.9243
5600.0,5553.7056
5700.0,5613.32
6000.0,6087.8477
7000.0,6613.106
7300.0,7158.1787
6000.0,6052.8706
6500.0,6433.6353
7000.0,7038.8154
6500.0,6621.975
7000.0,7117.145
7500.0,7578.361
9000.0,9623.255
12500.0,11671.238
9500.0,8849.583
9000.0,9581.824
5300.0,6131.141
7500.0,7795.7524
7200.0,7286.1587
8000.0,8898.405
4600.0,4504.5015
4500.0,4588.112
4600.0,4616.5444
5200.0,5310.55
5200.0,5033.0874
5600.0,5408.6064
6000.0,5978.2563
6800.0,6645.951
6800.0,6704.8716
6800.0,6825.8623
4800.0,4978.9688
6000.0,6266.885
6800.0,6651.898
6600.0,6727.353
6500.0,5912.221
6200.0,6802.688
6000.0,6363.8657
6500.0,6374.9424
6400.0,6600.653
7000.0,6849.3745
8200.0,7881.104
8000.0,8375.92
8200.0,8334.373
6500.0,6297.3228
6520.0,6882.03
8100.0,7790.766
10900.0,10206.591
11020.0,10170.579
8560.0,8689.548
4000.0,3912.2312
4920.0,4917.8745
4720.0,4602.0103
4540.0,4660.815
6000.0,5614.441
7620.0,7294.4697
7860.0,8296.1045
8900.0,9485.796
9280.0,9103.149
9120.0,8733.779
6000.0,6013.603
6000.0,6007.7886
5500.0,5516.869
5500.0,5499.5566
6000.0,5995.7017
6000.0,6008.413
5500.0,5544.271
8000.0,8010.6475
7000.0,6795.163
8000.0,8124.5796
8000.0,7561.5103
9000.0,8777.112
11000.0,10987.142
11000.0,11481.461
13000.0,12255.128
5000.0,4961.8804
5000.0,4989.9004
5000.0,5038.009
5250.0,5264.8994
5500.0,5280.6924
5500.0,5501.2114
5500.0,5499.4067
5250.0,5247.2417
5500.0,5327.601
4500.0,4625.3706
4500.0,4506.6816
5000.0,5013.935
5500.0,5532.718
5500.0,5492.148
5700.0,5699.456
5000.0,8401.553
6000.0,7517.097
7000.0,7639.494
7000.0,7170.1836
7000.0,7159.732
7500.0,7727.9175
5000.0,5911.6323
10250.0,9593.408
10000.0,9194.516
10125.0,9380.758
9500.0,10288.936
9500.0,10142.494
9687.5,10448.842
9900.0,10851.828
10416.67,11121.15
10583.33,10623.521
10062.5,10199.103
8500.0,8585.668
8500.0,8011.31
8500.0,8337.547
8500.0,8646.013
8625.0,8653.78
9200.0,9285.611
9500.0,8908.006
9500.0,9879.296
8313.69,8040.9995
8313.69,8546.384
8313.69,8984.904
8465.0,8790.07
8565.87,8644.047
8565.87,8589.877
8628.92,8599.658
8565.87,8421.592
8565.87,8492.9795
8565.87,8647.086
8565.87,8841.722
8565.87,8814.545
8565.87,8750.149
8818.05,8907.289
8818.05,8698.091
6520.0,6389.1235
6500.0,6677.6133
7750.0,7541.586
7089.0,7121.063
7720.0,7497.9556
7000.0,6978.6196
8416.0,8633.714
7653.0,8490.277
8500.0,8683.957
8950.0,9128.385
10360.0,11248.642
11230.0,11699.058
9750.0,9802.742
12543.0,12551.279
14000.0,12339.208
5450.0,5475.679
5200.0,5024.757
5500.0,5333.4624
5644.0,5666.5156
5475.0,5686.793
5220.0,5123.823
5788.0,5654.344
4740.0,4924.6797
4880.0,4931.997
5780.0,5746.3667
4716.0,4987.867
4950.0,5035.7817
4860.0,4657.3203
4950.0,4894.082
4750.0,4653.9473
5000.0,5115.575
5500.0,5520.3545
5000.0,5030.266
6000.0,6003.133
6000.0,6021.6978
6000.0,5976.765
8000.0,7486.826
8000.0,7945.8804
8000.0,7876.061
8000.0,7778.458
8500.0,8220.333
10000.0,10002.01
11500.0,11454.057
12500.0,11561.907
13000.0,12028.723
3600.0,3590.6758
3500.0,3533.4329
3700.0,3709.1619
3800.0,3787.9758
4000.0,4006.904
4500.0,4478.3105
4800.0,4754.1
4800.0,4866.143
4800.0,4843.346
5000.0,5047.629
5000.0,4974.3
5500.0,5580.3
5200.0,5203.2075
5000.0,4878.9434
6000.0,5980.6836
7000.0,7575.04
5500.0,5312.6724
6000.0,6048.649
6000.0,5994.3125
6500.0,6441.35
6500.0,6665.5923
17000.0,33960.027
15000.0,10786.933
12000.0,9503.782
18000.0,11200.229
18000.0,11820.879
18000.0,12316.508
10000.0,6294.7163
10000.0,9476.881
12500.0,10137.876
5000.0,4995.555
4200.0,4232.4985
4000.0,4033.6282
4000.0,3994.3362
4500.0,4492.8447
5000.0,4974.0205
6500.0,6589.412
6000.0,6088.3237
6000.0,5977.882
4200.0,4105.7363
5500.0,5339.588
5500.0,5459.387
5000.0,5083.771
5000.0,4990.794
6000.0,6003.8706
11500.0,10701.369
11500.0,10575.702
12500.0,10901.6045
14500.0,12400.397
14000.0,11815.372
13000.0,10880.091
14000.0,10926.47
12400.0,9395.567
11500.0,10043.405
6750.0,5219.5537
5750.0,6225.048
4400.0,4332.8154
4400.0,4314.774
4400.0,4298.011
4400.0,4317.736
4500.0,4407.791
4500.0,4433.2295
4600.0,4540.7603
4400.0,4462.216
4400.0,4305.398
4600.0,4514.2524
5000.0,5023.848
6000.0,6036.2007
6500.0,6567.047
7000.0,6966.821
7000.0,7014.9585
7500.0,7565.2603
7000.0,7199.5127
7600.0,7308.2827
9500.0,9098.707
9000.0,10024.231
9000.0,8626.116
5000.0,5629.827
8500.0,7839.687
8000.0,7840.0
9250.0,9976.013
4500.0,4509.7427
4800.0,4789.656
5000.0,5060.502
5400.0,5386.189
5600.0,5575.885
5500.0,5418.6313
6000.0,5986.9434
6000.0,5917.3823
6000.0,5935.097
5200.0,5196.353
4500.0,4283.5996
5400.0,5331.6226
5400.0,5313.2812
5500.0,5531.821
6500.0,6525.009
6000.0,6171.3174
5000.0,5239.6265
6100.0,5893.9395
6100.0,6323.27
6100.0,6258.7505
6200.0,6336.777
7000.0,7096.414
7000.0,7046.572
7000.0,7120.27
8000.0,7848.711
9000.0,8525.8
11000.0,10752.619
11000.0,10877.542
12500.0,11375.812
5000.0,5215.126
4500.0,4681.834
4500.0,4523.9966
5000.0,4989.2505
5250.0,5234.293
5250.0,5025.2627
7000.0,6364.229
7000.0,6982.1304
6000.0,5833.59
5000.0,5344.098
5000.0,5052.092
5000.0,5022.624
5000.0,5053.1123
5000.0,5034.006
5500.0,5604.8193
7000.0,7417.3135
7000.0,7560.5425
7000.0,7524.4805
10000.0,9549.587
10000.0,10615.627
7500.0,7042.043
7800.0,8296.087
8000.0,7851.0005
7500.0,7556.288
7500.0,7674.066
7100.0,7249.3037
7500.0,7477.577
9000.0,9114.565
8000.0,8402.67
8000.0,7736.215
7000.0,6624.3706
6700.0,6475.1836
7500.0,7224.053
8250.0,8335.956
4200.0,4192.069
4800.0,4792.669
4800.0,4865.185
5600.0,5625.736
5000.0,5032.75
4800.0,4890.043
5200.0,5246.5337
5200.0,5088.237
5400.0,5321.0225
5400.0,5338.345
4200.0,4384.7505
5600.0,5715.079
6000.0,5961.53
6000.0,5969.6436
2100.0,1846.6238
4200.0,4002.4558
4400.0,4438.911
4100.0,4035.4263
4040.0,4005.0967
4100.0,4048.1775
4300.0,4389.899
3650.0,3298.7004
7300.0,7264.6924
7400.0,7637.516
7000.0,7108.711
6650.0,6345.37
7100.0,6844.891
7100.0,6859.941
9220.0,8575.399
6500.0,6400.494
6500.0,6572.7
7500.0,7500.9097
7500.0,7467.504
7500.0,7589.565
7500.0,7607.2866
12000.0,9457.653
12000.0,10948.401
13000.0,11535.613
20000.0,14872.89
20000.0,14242.623
15000.0,9566.147
12000.0,8740.672
12000.0,9810.657
13000.0,10084.579
5500.0,5532.2
5750.0,5677.071
5500.0,5505.845
4500.0,4603.9785
5000.0,4997.893
5000.0,4968.5327
4600.0,4541.938
4601.0,4700.8833
6000.0,6142.0283
6000.0,5946.9873
6000.0,5960.928
5000.0,5222.228
5000.0,5003.14
5500.0,5511.1597
6000.0,5979.189
9500.0,9979.213
10000.0,10302.606
10500.0,10614.261
13500.0,12953.298
13200.0,11749.643
12800.0,11621.518
16000.0,12168.954
17500.0,12390.674
1700.0,2682.846
11600.0,4364.5415
9500.0,8254.835
4500.0,4512.148
4500.0,4539.2173
4500.0,4527.1406
5000.0,5030.1016
5100.0,5185.2407
5000.0,5009.7153
5000.0,5153.678
5000.0,5144.464
5300.0,5407.2495
5000.0,5146.6875
6000.0,6160.438
8300.0,7958.5996
9000.0,9110.324
9500.0,9270.27
10500.0,11387.735
11000.0,11409.695
12000.0,11943.4795
11500.0,10496.727
11000.0,10363.001
9500.0,8625.786
10500.0,10510.137
11000.0,10838.973
13300.0,12383.348
12500.0,11811.892
4700.0,4746.874
4950.0,5035.2407
4700.0,4650.7554
4860.0,4888.5474
4900.0,4913.876
5000.0,4967.9785
4800.0,4845.1665
4600.0,4661.0986
4600.0,4749.2744
5000.0,5072.2095
4700.0,4789.5527
5000.0,5062.388
4450.0,4614.3525
7900.0,7712.6294
8150.0,7878.4346
4250.0,4417.623
8500.0,7653.319
8500.0,7909.8267
8500.0,8681.815
9000.0,8858.102
9100.0,8582.875
8500.0,8348.036
5600.0,4726.3296
6000.0,5189.336
6800.0,6219.949
8000.0,13191.77
8000.0,12273.156
8000.0,12163.048
9000.0,13432.753
9000.0,13003.344
10000.0,14147.88
10000.0,13042.21
10000.0,13063.624
12000.0,15612.2
12000.0,15226.96
13000.0,15378.735
14000.0,15041.336
5500.0,5215.073
5500.0,5305.297
6000.0,5797.302
5500.0,5356.8794
5500.0,5297.315
5500.0,5462.456
5000.0,5045.257
4500.0,4569.1094
4400.0,4430.989
4400.0,4411.1104
4400.0,4337.355
4400.0,4351.3276
5000.0,4886.377
5500.0,5515.489
6000.0,6040.8135
4008.65,3969.7327
4008.65,4006.005
4276.19,4282.3584
4276.19,4240.429
4276.19,4236.419
4276.19,4222.149
4811.26,4773.4214
4811.26,4843.963
4543.72,4589.5815
4543.72,4500.3115
4543.72,4507.774
4008.65,4012.9092
4276.19,4297.4443
5078.79,5063.8003
5881.39,5921.542
5881.39,5755.303
6416.46,6277.424
11600.0,10656.238
12000.0,10579.226
12500.0,10951.603
14800.0,12563.049
13500.0,10491.723
13000.0,10613.223
14500.0,11097.7
17000.0,12645.732
16000.0,12158.556
8325.0,5059.0938
7925.0,8092.462
8100.0,7674.0684
8400.0,8487.585
10500.0,10774.936
4400.0,4351.992
4400.0,4346.0527
4400.0,4338.39
5000.0,4883.555
5200.0,5279.8735
5200.0,5021.163
5200.0,5019.334
4600.0,4414.7188
4600.0,4764.0854
8300.0,8154.147
9400.0,9617.264
15000.0,14607.313
20000.0,14632.532
20000.0,14309.567
4054.0,3762.2046
4454.0,4347.2827
4496.0,4550.8022
4500.0,4532.09
5302.0,5289.3833
5417.0,5477.718
5827.0,5950.699
5595.0,5522.3413
6173.0,6155.3735
6119.0,6183.918
6258.0,6338.289
5988.0,5858.8945
6315.0,6312.769
6424.0,6370.425
7858.0,7441.98
7350.0,6413.997
4000.0,4006.021
4200.0,4189.4697
4050.0,4049.531
4000.0,3922.3125
4250.0,4238.8174
4300.0,4253.7646
7300.0,7187.8047
7600.0,8049.55
7200.0,7119.94
7100.0,6983.923
7300.0,7198.538
7600.0,7742.881
5000.0,6538.4565
6500.0,7183.84
8000.0,8107.6626
8000.0,7966.452
8000.0,7734.271
8200.0,8318.164
7500.0,8138.115
6000.0,6251.401
5000.0,5196.534
5500.0,5612.0557
5500.0,5491.3574
5500.0,5542.6606
5500.0,5529.675
6000.0,6040.8936
5000.0,7223.6064
8000.0,8290.628
10000.0,9194.191
10000.0,10367.7705
10000.0,11040.274
10500.0,10950.04
9500.0,9899.817
10000.0,10611.986
9500.0,9986.449
10000.0,11080.373
10000.0,10653.1045
10000.0,10542.597
11000.0,11101.86
11500.0,10991.34
9500.0,9927.926
10000.0,10289.916
11500.0,11457.713
13800.0,12016.741
13500.0,11796.945
13000.0,10439.222
14500.0,10925.402
15600.0,10711.905
15000.0,10611.438
9250.0,6757.7544
9500.0,8491.217
4300.0,4303.652
4300.0,4392.8086
4400.0,4461.9688
4800.0,4699.4053
4800.0,4895.608
5000.0,5080.7505
5200.0,5251.214
6000.0,5908.5156
4800.0,4723.0854
4600.0,4583.1733
5000.0,5076.4873
4000.0,4117.902
5000.0,5068.4297
4500.0,4495.469
3800.0,3971.7651
5000.0,4970.885
5000.0,5017.085
5000.0,5002.3525
6000.0,6097.227
6000.0,5982.8765
6500.0,6454.1484
5400.0,5398.8145
6000.0,6024.558
7000.0,6808.572
7500.0,7446.377
7500.0,7439.4653
7000.0,7197.02
7500.0,7469.2954
7500.0,7542.99
8000.0,8199.44
7800.0,7594.8896
8000.0,8210.168
8500.0,8256.654
8200.0,8740.829
8000.0,8549.903
6650.0,6396.787
4000.0,3989.5327
4000.0,4010.1924
4400.0,4475.5244
4300.0,4205.445
4400.0,4434.639
4200.0,4158.333
4000.0,4048.8599
4300.0,4313.1245
4500.0,4535.803
4200.0,4140.811
4500.0,4502.0527
5000.0,4984.0767
4550.0,4551.0166
5000.0,4808.137
5550.0,5594.511
6000.0,6167.95
4500.0,4589.463
5000.0,5025.7856
6000.0,5977.351
6000.0,5919.0815
6000.0,5980.572
7000.0,6883.016
7000.0,7041.196
7000.0,7159.6655
7000.0,7126.9834
7000.0,7170.0107
7000.0,7110.69
11000.0,9658.973
12500.0,11196.609
13000.0,11468.252
3700.0,3946.1677
4000.0,3933.4717
3800.0,3798.1204
3900.0,3840.3389
4000.0,3951.1401
4000.0,3975.4197
4700.0,4693.864
4700.0,4736.8467
4700.0,4723.8423
5000.0,4986.078
5000.0,4986.508
5000.0,4993.404
5000.0,5011.9165
6000.0,6062.57
6500.0,6417.1157
12000.0,11690.656
14200.0,12732.921
16800.0,13700.049
14250.0,11561.905
15500.0,11816.249
13500.0,9222.963
14800.0,11835.167
9000.0,6558.773
10450.0,10088.558
11000.0,10143.807
9850.0,9786.719
9850.0,10644.975
9925.0,10266.442
11650.0,11740.3
5000.0,5121.163
5400.0,5315.7124
5400.0,5316.9336
5400.0,5386.3315
8000.0,8005.5283
8000.0,7748.444
8000.0,7886.299
8000.0,7652.465
8000.0,7517.4746
8000.0,7597.135
10000.0,9634.811
12000.0,11572.887
13000.0,11861.933
13000.0,12087.631
93.16,114.92444
83.51,90.71714
80.5,106.539505
83.42,96.0186
1.47,183.90875
98.02,4709.4966
98.02,97.971306
98.02,139.61884
98.02,97.76778
117.5,47.88872
156.45,426.76758
175.93,433.334
214.88,629.45636
234.36,727.87146
234.36,709.86414
234.36,712.5982
214.88,656.33765
10600.0,9752.642
5000.0,5047.01
5200.0,5306.949
6000.0,5950.7617
5910.0,5944.515
6000.0,6034.1123
6200.0,6160.6875
5800.0,5903.7417
6100.0,6179.744
7000.0,7130.3984
6500.0,6522.5205
6800.0,7010.5854
6900.0,6846.235
6850.0,6690.9673
6800.0,6716.9033
7000.0,6963.8203
3400.0,3344.8271
3600.0,3631.1584
3800.0,3868.1985
3700.0,3752.7866
3500.0,3503.92
4000.0,3956.814
4000.0,4011.9578
4000.0,4014.8945
3900.0,3919.5972
4000.0,3981.925
4300.0,4343.0303
4500.0,4585.0117
4600.0,4622.439
4600.0,4748.4204
4800.0,4942.093
9000.0,8813.296
8000.0,7528.0273
8200.0,8259.685
7800.0,8064.5625
8800.0,9115.108
8500.0,8580.411
9000.0,9285.14
13000.0,12205.9375
13000.0,11868.192
10000.0,8981.226
8000.0,8200.7
10800.0,9530.189
10000.0,10471.255
9750.0,11185.257
5600.0,5478.505
5500.0,5318.825
5300.0,5205.4385
5600.0,5744.5674
6000.0,5924.8955
6000.0,5930.507
6400.0,6395.084
8500.0,8071.203
8500.0,8504.759
8500.0,8806.371
4500.0,4224.0645
7500.0,7114.4844
8500.0,8578.187
8500.0,8867.426
5700.0,5664.613
6000.0,5997.322
6500.0,6403.9673
8500.0,8100.664
8500.0,8809.981
8500.0,8998.027
9500.0,9397.733
9500.0,9915.103
9000.0,10144.333
9000.0,9007.973
9000.0,9048.091
12000.0,12140.763
12000.0,11880.0
13500.0,12811.575
5400.0,5421.657
5500.0,5484.763
6000.0,6015.9766
5000.0,5222.083
5000.0,5037.019
5000.0,5005.9365
5000.0,5044.116
5000.0,5036.486
5000.0,5047.632
4500.0,4574.5947
4500.0,4567.932
5000.0,5044.877
5500.0,5559.424
5500.0,5515.142
6000.0,6005.2847
6500.0,6382.506
6000.0,6077.7744
6500.0,6403.435
7500.0,7489.1094
7500.0,7271.0737
7500.0,7270.506
8700.0,8379.141
8700.0,8258.884
7000.0,7023.7153
7500.0,7398.2925
7500.0,7220.828
9000.0,8703.049
11500.0,10564.964
12000.0,11883.706
12500.0,11504.326
6500.0,6442.4766
6000.0,6054.7104
6000.0,6067.9736
5000.0,5175.9043
5500.0,5588.3013
5000.0,5041.6196
5000.0,5032.05
5000.0,5037.6904
5500.0,5598.2847
5000.0,5058.464
5000.0,5042.5913
4800.0,4875.8696
5000.0,5089.661
5500.0,5593.147
6000.0,5980.371
3800.0,3870.4536
4500.0,4522.742
4600.0,4595.52
4600.0,4754.6836
4650.0,4741.663
4800.0,4868.1333
4700.0,4651.5386
4600.0,4546.8105
4500.0,4548.038
4450.0,4366.842
4800.0,4794.9175
5000.0,5092.0215
5050.0,5096.2026
8400.0,8218.926
8500.0,8610.593
8900.0,9033.661
9100.0,8834.591
9200.0,8830.683
9400.0,9225.442
9500.0,9051.063
9600.0,10423.248
9400.0,10306.744
9000.0,8813.559
9100.0,8919.094
10000.0,10179.913
11000.0,11367.2
6700.0,6438.8525
6600.0,6647.788
10260.0,8778.57
3600.0,3594.772
3580.0,3500.3123
4600.0,4221.4893
6200.0,5615.7744
6000.0,5853.3315
7920.0,7644.0396
3900.0,3903.9087
4200.0,4235.887
4100.0,4087.4526
4250.0,4344.062
4300.0,4265.5312
4450.0,4508.6567
4325.0,4299.8286
4200.0,4179.288
4400.0,4448.7173
4100.0,4037.9624
4200.0,4262.1416
4450.0,4482.683
4500.0,4507.707
7900.0,7968.265
7900.0,7835.2817
7700.0,7608.9707
7700.0,7737.051
8100.0,8155.533
8400.0,8409.898
8200.0,8536.709
8000.0,8289.274
7600.0,7474.8584
7800.0,7965.2827
7500.0,7489.5415
7600.0,7765.336
7700.0,7676.622
18500.0,21191.033
8000.0,7805.3184
10037.5,9711.848
10125.0,10257.811
10137.5,10327.37
10650.0,10911.62
10537.5,10396.595
10362.5,10263.878
10390.0,10326.431
10512.5,10356.414
11025.0,10860.543
11280.0,11082.239
10300.0,10059.79
10000.0,9740.379
9540.0,9631.378
9500.0,9736.014
9525.0,10264.43
10800.0,11143.804
11283.33,11487.158
11566.67,11715.957
7029.27,6848.81
7092.33,7005.741
7382.4,7343.382
7596.81,7772.421
7432.84,7667.071
7634.64,7703.6
8759.62,8744.203
9639.94,10257.198
9543.26,10304.681
9185.92,10207.079
9055.59,8864.339
9072.4,8939.987
9042.13,9027.197
9072.4,8927.195
9072.4,8922.4375
8951.33,8865.364
9055.59,8913.277
9425.54,9533.582
6700.0,6645.2754
6900.0,6790.1904
7500.0,7039.3516
7800.0,7797.383
8200.0,7797.349
8200.0,8407.055
7850.0,8453.91
7500.0,7465.549
8000.0,8264.708
8500.0,7978.7866
12000.0,11121.345
12000.0,11256.72
3200.0,3191.6226
3450.0,3418.3496
3500.0,3477.6592
4000.0,3952.1821
4300.0,4322.1436
4300.0,4342.3057
3750.0,3623.671
3200.0,3104.3044
4200.0,4232.5996
4150.0,4075.2815
4050.0,3994.3132
5100.0,5108.3965
5200.0,5185.959
4500.0,4496.829
5400.0,5365.2847
5600.0,5580.5757
5620.0,5487.3086
6000.0,6152.5005
7300.0,7081.3984
7400.0,7785.0127
7500.0,7513.225
7000.0,6963.635
7100.0,7053.5854
8000.0,7653.315
8750.0,8463.406
8840.0,8684.751
3600.0,3575.4333
3500.0,3537.4807
3520.0,3530.9907
3600.0,3593.192
3760.0,3779.295
3700.0,3692.4224
3900.0,3862.9321
4100.0,4091.6868
5200.0,5213.013
5100.0,4944.1567
5200.0,5154.9507
4600.0,4325.937
4400.0,4472.4395
14000.0,6300.9297
14000.0,7085.396
4920.0,7165.266
4920.0,5914.9556
8260.0,7978.9443
8260.0,7696.6216
12400.0,12586.3955
10000.0,9062.062
10800.0,12296.704
7300.0,7043.5483
9000.0,9432.816
9900.0,9597.986
8350.0,8840.889
8400.0,9161.06
9187.5,10066.3545
11000.0,10926.913
10000.0,9463.464
10000.0,9378.405
9000.0,9732.987
9000.0,8309.97
9000.0,8386.012
9000.0,8922.015
11000.0,10840.226
13000.0,11982.704
13000.0,11482.933
5000.0,5096.917
4500.0,4598.562
5000.0,5014.73
5200.0,5169.1685
5463.0,5418.2725
5125.0,4942.629
4932.0,4819.9883
6760.0,6502.2686
7707.0,7342.1523
6323.0,6693.662
6495.0,6594.3516
6523.0,6282.769
7445.0,7373.432
6714.0,6823.223
6432.0,6338.053
6515.0,6355.227
7886.0,7710.92
7450.0,7394.2495
7691.0,7807.6157
4675.0,4689.8486
3904.0,3884.5789
3659.0,3716.38
3704.0,3728.9788
3604.0,3629.3015
3727.0,3739.5916
4755.0,4667.5586
4790.0,4768.538
4814.0,4750.836
4625.0,4639.567
4486.0,4532.589
4633.0,4635.2324
4754.0,4805.9097
4989.0,4961.8096
5734.0,5632.945
4500.0,4440.6553
5000.0,4893.009
5000.0,4921.2144
5000.0,4829.1143
8000.0,7663.995
8000.0,7745.586
7500.0,7158.4644
8000.0,7951.3926
4000.0,4081.648
4000.0,3967.3162
4000.0,3956.064
4000.0,3999.2732
3600.0,3596.1204
3500.0,3515.2263
3500.0,3508.261
3500.0,3491.6892
3500.0,6689.441
3500.0,3547.1064
3600.0,3580.559
4000.0,4044.9397
4000.0,3996.369
5000.0,5089.3096
5000.0,4971.1235
6000.0,5942.787
5000.0,5177.475
5000.0,5020.077
5000.0,4961.0024
5000.0,4968.765
5000.0,5032.382
5500.0,5568.9336
6000.0,7224.426
7000.0,7353.115
6000.0,6640.042
7000.0,6876.3887
7000.0,7240.77
7000.0,7168.4766
8200.0,8108.5146
8200.0,8607.193
9000.0,9831.671
9000.0,8735.32
9850.0,9819.177
10500.0,11379.274
11000.0,11633.385
10000.0,10501.617
11000.0,11184.879
6500.0,6017.9346
3020.0,2983.4868
9900.0,6445.241
6000.0,5965.1436
5300.0,5249.5522
5500.0,5581.176
6000.0,5969.949
6000.0,5961.4595
6000.0,5924.311
15000.0,23351.748
14000.0,11016.867
12000.0,10397.356
20000.0,13899.723
18000.0,13002.771
15000.0,9953.789
10000.0,6953.607
12000.0,9743.612
12000.0,9363.911
4500.0,4505.1045
4000.0,4011.451
3800.0,3823.5864
3500.0,3496.9275
4000.0,3917.092
4000.0,3982.2812
7000.0,7914.883
6000.0,5693.0894
6000.0,5985.767
5000.0,5119.8315
5500.0,5543.32
4700.0,4575.6357
5500.0,5577.556
6000.0,5990.7476
6000.0,5976.3867
7020.0,7033.1274
9570.0,9931.194
13300.0,12452.662
8000.0,7641.671
3620.0,3635.5063
5640.0,4635.3096
4280.0,4257.5405
4200.0,4098.61
5340.0,5281.763
8720.0,6672.473
6718.0,6041.4585
6500.0,6386.3667
8353.0,9053.376
8160.0,8737.389
6533.0,6763.9683
9140.0,9326.611
13200.0,12215.443
12130.0,11261.738
11500.0,12251.235
11500.0,10224.759
3691.0,3724.7544
3705.0,3722.33
3760.0,3822.6987
3837.01,3858.4297
3940.0,3904.3577
4000.0,3998.14
4197.0,4226.716
4655.0,4664.6973
4883.89,4997.592
5015.17,5051.875
5030.0,5066.085
4778.31,4944.886
4500.0,4534.2075
4500.0,4559.733
9583.33,10037.971
9750.0,10855.895
9800.0,10741.105
9700.0,10629.093
9937.5,11059.22
10000.0,10699.706
10000.0,10686.295
9950.0,10661.51
10050.0,10737.074
10000.0,10649.979
10250.0,11004.611
6558.0,6738.152
7045.0,7276.205
7367.0,7539.451
7500.24,7579.5454
7620.0,7660.048
7800.0,7855.4604
7660.0,7492.2812
8080.0,8214.263
8186.04,7930.1997
8292.59,8528.061
8360.0,8569.195
8202.52,8441.731
8000.0,8529.25
8000.0,7776.643
9019.43,9358.764
9611.01,9442.764
10558.69,11957.575
5000.0,4740.7837
4000.0,3957.8267
4000.0,4045.6226
4600.0,4754.4067
4500.0,4572.99
5000.0,5058.928
5500.0,5611.5215
5500.0,5552.442
7044.0,6552.4863
11000.0,10820.784
11000.0,10378.4795
12000.0,10757.303
14700.0,12318.695
14400.0,11521.64
14500.0,11358.412
12000.0,8554.876
9400.0,8409.166
10200.0,9302.206
8500.0,8276.603
9250.0,10668.954
4500.0,4489.9385
4500.0,4510.348
4500.0,4463.0674
4800.0,4726.9746
4800.0,4798.166
4800.0,4789.533
5000.0,5016.819
4500.0,4497.7812
4400.0,4371.441
4400.0,4414.2837
5200.0,5060.161
9900.0,9704.133
9762.5,9652.513
9900.0,10362.551
10083.33,10671.982
9650.0,10328.423
10850.0,11287.823
10575.0,10427.24
10250.0,10481.033
10100.0,10049.58
10025.0,10302.122
9050.0,9628.828
8950.0,8615.9375
8825.0,8595.691
9000.0,9271.466
9587.5,9518.59
9587.5,10154.366
6005.8,6321.5444
5980.58,5968.7383
6308.39,6364.924
6396.65,6456.181
6598.37,6516.84
6951.4,6930.059
7758.31,7658.349
7657.45,7480.086
7712.16,7584.5815
7960.04,8051.941
7547.05,7497.372
7253.99,7467.17
7072.44,7046.931
7127.91,7056.4272
7169.94,7104.017
8178.58,7961.3027
7707.88,8232.033
3500.0,3471.5017
3500.0,3466.2183
3700.0,3641.9985
4200.0,4095.5176
4500.0,4459.465
4800.0,4739.847
5000.0,5085.0884
5000.0,5010.7056
5700.0,5699.24
5500.0,5537.7056
6000.0,6049.2944
5500.0,5507.075
5500.0,5621.864
5500.0,5521.4014
5700.0,5770.5205
3700.0,3688.9895
3800.0,3731.2217
4000.0,3978.8037
4200.0,4109.9824
4300.0,4243.5337
4200.0,4120.5435
4000.0,4017.1877
4000.0,3961.986
3800.0,3791.0261
3850.0,3851.2544
4000.0,3932.4138
4300.0,4289.106
4500.0,4522.1406
5000.0,5009.4854
5200.0,5285.3926
7000.0,6916.507
7000.0,7141.0303
8200.0,8376.933
9500.0,10321.626
10000.0,10993.365
10000.0,10858.875
10000.0,10291.683
16000.0,13518.826
3000.0,2883.1426
3200.0,3198.698
3200.0,3147.9878
3000.0,2980.7034
5000.0,4898.882
5000.0,4987.753
5000.0,5013.7163
5200.0,5297.5166
6000.0,6256.0737
6000.0,6001.9644
6500.0,6474.45
7500.0,7445.949
8700.0,8869.553
8500.0,8666.157
8000.0,8463.211
8500.0,8006.9634
8000.0,8323.615
8000.0,7716.615
8500.0,8243.292
8500.0,8536.686
7800.0,8534.869
8500.0,8633.584
8500.0,8563.664
4500.0,4522.2983
4500.0,4537.1772
4300.0,4318.481
4800.0,4845.066
4850.0,4902.342
4500.0,4467.191
4300.0,4293.9106
4000.0,4030.2102
3800.0,3826.7712
3700.0,3712.391
4100.0,4073.8518
4000.0,3992.4678
4500.0,4512.7295
4500.0,4526.8213
4350.0,4342.3467
2700.0,2843.2012
3200.0,3226.0686
3500.0,3525.465
3480.0,3487.5706
3900.0,3859.9329
4020.0,4045.9526
3910.0,3913.728
3800.0,3789.9827
4200.0,4402.922
4500.0,4525.8706
4500.0,4511.278
5000.0,5081.039
4950.0,4990.829
7000.0,6978.6045
7300.0,7302.445
7600.0,7759.0425
7620.0,7609.2866
7950.0,7784.657
8000.0,7836.185
8150.0,8319.28
8300.0,8778.798
8000.0,8448.217
8500.0,8271.694
8800.0,8918.428
8200.0,8784.8955
8300.0,8508.183
5500.0,5469.9927
5500.0,5506.748
4750.0,4789.4707
6500.0,6162.2524
5000.0,4987.919
5000.0,5064.2544
6500.0,6539.35
5000.0,5017.2383
5500.0,5635.286
7000.0,7528.8477
7000.0,7029.828
7000.0,7043.09
8000.0,7878.112
7000.0,6996.638
7000.0,7169.877
7500.0,6028.3115
5500.0,5297.6353
6500.0,6270.676
8000.0,7347.4253
7200.0,6855.3574
8000.0,7601.1655
7500.0,7284.5767
8000.0,8005.6313
8500.0,8236.479
7250.0,7998.35
7000.0,7040.2905
5500.0,5665.9453
7500.0,7857.9146
7500.0,7512.623
8000.0,8705.892
6000.0,6028.491
5600.0,5379.6455
5600.0,5319.215
5600.0,5300.3794
5600.0,5295.378
5600.0,5295.378
5600.0,5283.57
5600.0,5292.907
5600.0,5455.856
5000.0,4870.05
6700.0,6723.627
6000.0,5853.223
6000.0,5837.677
6000.0,5875.083
3500.0,6635.2456
3600.0,3589.2053
3900.0,3739.0215
3900.0,3902.6414
4400.0,4439.8916
4400.0,4347.068
4200.0,4178.8174
4500.0,4523.236
4500.0,4500.599
5000.0,5057.425
4800.0,4838.007
4800.0,4826.566
5000.0,5074.399
5000.0,4974.6797
8000.0,7229.103
8500.0,8144.454
9000.0,8290.4
9000.0,8530.329
9500.0,9375.89
9000.0,9995.592
9000.0,8743.414
8500.0,8381.938
8000.0,8064.676
8000.0,7579.168
8200.0,8051.476
8300.0,8613.036
8300.0,8614.5625
8000.0,8448.915
8500.0,8272.226
6000.0,6020.7886
6500.0,6483.3667
6500.0,6625.8926
6800.0,6897.239
6500.0,6348.832
6500.0,6707.061
7000.0,7085.9883
7000.0,7018.6533
7500.0,7479.8535
8000.0,8131.1484
8500.0,7961.09
8200.0,8239.583
8500.0,8797.739
9000.0,8759.127
10000.0,9541.066
4000.0,3966.9902
4100.0,4080.8467
4000.0,4010.825
4000.0,4006.514
5000.0,5131.1416
4700.0,4814.408
5000.0,5020.0254
4800.0,4840.2705
4700.0,4656.6357
4600.0,4573.237
4700.0,4822.0024
4500.0,4508.3726
4700.0,4726.164
5000.0,5026.4277
5000.0,5000.768
79.0,469.72006
79.0,90.605644
74.0,90.59997
79.0,114.14136
79.0,101.35481
77.0,100.7153
79.0,111.99366
74.0,103.54386
74.0,107.061745
71.0,95.842026
74.0,111.254295
77.0,112.85032
74.0,99.40587
74.0,99.65686
69.0,91.70923
69.0,88.61038
74.0,94.67275
1200.0,1253.6411
13000.0,7585.6973
11500.0,9982.671
11200.0,10441.01
11000.0,9406.047
10500.0,9505.6045
10300.0,9233.622
10500.0,10287.351
10000.0,9761.32
9500.0,9578.11
10000.0,10265.012
10000.0,10189.745
10500.0,10505.521
11000.0,10542.914
11500.0,10727.603
11500.0,10271.13
7488.64,7602.388
7000.0,7265.2573
7488.64,7401.7837
7488.64,7496.9526
7488.64,7544.8413
6953.12,6941.2256
7488.64,7507.361
8024.17,8042.0615
8024.17,7664.502
8559.7,8566.396
8559.7,8559.409
8024.17,8288.862
8559.7,8290.822
8559.7,8424.501
8559.7,8529.094
8559.7,8491.153
8666.81,8449.325
6900.0,6539.9287
8140.0,7619.5977
12000.0,10952.573
8875.0,7927.958
7320.0,7008.738
11100.0,9675.889
3340.0,3427.2454
3700.0,3503.43
6000.0,6258.144
3950.0,3958.2239
3830.0,3688.6113
5040.0,5135.2334
9900.0,9325.889
9900.0,9651.5205
7000.0,7321.5654
6375.0,6326.497
4840.0,4960.5127
7900.0,8012.236
5000.0,6479.6846
7788.0,7712.855
7100.0,6883.6416
8600.0,8509.955
8122.0,8455.673
8700.0,9375.549
8317.0,8326.697
8133.0,8346.077
8950.0,9415.141
8750.0,8667.347
10425.0,10595.534
13000.0,12470.188
8897.0,7717.4136
4250.0,4216.587
4078.0,4059.9463
3972.0,3940.9324
4005.0,3950.932
4320.0,4337.339
4350.0,4413.58
4550.0,4582.2515
5373.0,5265.4033
4221.0,4279.594
4598.0,4577.6963
4450.0,4327.665
4550.0,4586.441
4645.0,4603.738
4988.0,5084.1475
7800.0,7779.174
8125.0,8019.0073
6630.0,6852.897
13000.0,19672.91
10400.0,9794.609
8000.0,8807.102
4000.0,3935.4873
3675.0,3662.346
4190.0,4090.602
5000.0,4968.3843
4200.0,4276.964
4000.0,4084.4138
9900.0,17977.166
7095.0,6749.238
7510.0,7892.4375
7500.0,7240.0693
8500.0,8471.454
9900.0,10557.997
5900.0,5979.615
5500.0,5623.1885
7200.0,7504.4478
7250.0,7006.7437
7500.0,7836.9536
7500.0,7456.983
7850.0,7582.0
8200.0,7751.1294
8900.0,9504.882
9000.0,8686.815
9100.0,8712.476
12000.0,11852.574
14000.0,12333.893
3700.0,3718.2466
4200.0,4168.429
4000.0,4057.4495
4100.0,4086.1318
4250.0,4344.341
4400.0,4404.8477
4400.0,4365.0107
4400.0,4376.8784
4600.0,4576.492
4500.0,4605.353
4300.0,4351.482
4500.0,4596.099
4500.0,4539.821
8300.0,8594.215
8200.0,8396.432
8650.0,8870.333
8880.0,8907.256
9200.0,8974.763
9300.0,8842.245
9150.0,8705.899
9000.0,8706.833
9400.0,9670.108
9300.0,8966.086
9000.0,8558.785
10200.0,10284.228
11000.0,11197.199
5900.0,5737.292
5800.0,5859.1675
6500.0,6467.1914
8000.0,7743.798
8500.0,8296.877
8700.0,8916.948
8100.0,8380.138
7500.0,7147.603
7000.0,6873.199
8000.0,7673.5024
8300.0,7867.585
10000.0,10044.286
10000.0,9819.725
3000.0,3004.0193
3000.0,2957.8672
3100.0,3087.8237
3400.0,3441.7651
3600.0,3650.5762
3600.0,3634.526
3650.0,3679.9385
3700.0,3685.4133
4000.0,3946.9624
3700.0,3724.2678
3600.0,3587.1047
5100.0,5092.9824
6800.0,7041.709
7000.0,6886.0615
6800.0,6628.822
6500.0,6171.7144
8000.0,7804.2305
7500.0,7092.2
9000.0,9301.557
10000.0,9399.033
9000.0,9441.12
12000.0,11544.673
6500.0,4723.0684
9500.0,9603.408
8000.0,8377.046
8250.0,7841.307
4600.0,4530.174
4600.0,4687.9307
4500.0,4526.853
5200.0,5196.029
6000.0,5883.259
6400.0,6364.064
6000.0,5831.0913
5700.0,5593.143
6000.0,6024.3833
6500.0,6406.376
4800.0,4520.6143
6500.0,6357.4766
6500.0,6629.651
6500.0,6698.525
6455.0,6420.55
5500.0,5264.238
5300.0,5194.719
6040.0,5959.9272
5710.0,5804.5054
6230.0,6250.2397
6500.0,6442.835
6700.0,6751.0435
7000.0,6825.7944
7200.0,7183.067
8000.0,7397.9
7450.0,7159.183
6800.0,6759.7466
3400.0,3382.0046
3350.0,3369.8525
3380.0,3340.3923
3400.0,3331.1282
3400.0,3446.9824
4000.0,3987.841
4200.0,4184.6455
4000.0,4030.2065
4000.0,3993.454
3800.0,3830.9253
4000.0,4007.1794
3950.0,3910.2092
3800.0,3774.9736
4000.0,4016.527
4540.0,4550.368
7500.0,7274.705
6988.0,7196.1367
9810.0,9803.919
10700.0,10757.368
11040.0,11300.032
12540.0,12556.723
7500.0,6836.6646
10330.0,10079.561
9860.0,9389.995
3860.0,3884.3132
3920.0,3938.4185
3980.0,3859.467
4200.0,4096.176
4540.0,4305.2803
4030.0,3998.7195
4800.0,4851.6562
4170.0,3995.6482
4040.0,4025.9448
6580.0,6625.678
7020.0,7079.361
7980.0,7966.143
6300.0,6034.373
8460.0,8519.011
8060.0,8125.4556
6700.0,6484.7183
8450.0,8714.523
7600.0,8387.349
5500.0,5506.821
6000.0,6018.6436
6500.0,6465.549
7500.0,7447.1675
7500.0,7310.3794
7000.0,7259.508
7500.0,7358.7812
7500.0,7516.2856
8000.0,8157.5547
8000.0,7677.0757
8500.0,8336.959
8500.0,8604.051
8500.0,8622.281
8500.0,8633.109
7450.0,7787.237
3500.0,3479.5916
3400.0,3386.8516
3550.0,3542.6694
4000.0,3932.6658
4000.0,4019.7246
3800.0,3855.4575
4200.0,4385.455
4500.0,4521.943
4500.0,4517.0796
5000.0,5053.777
5000.0,5004.9644
5200.0,5269.22
5000.0,4947.459
5200.0,5282.191
5500.0,5317.911
